{"loss":0.9794505702345312,"_timestamp":1.7619377511982229e+09,"_step":15,"_wandb":{"runtime":176},"_runtime":176}