{"_timestamp":1.7619369069189637e+09,"_step":15,"_wandb":{"runtime":176},"_runtime":176,"loss":0.9742663705213954}